id,site,url,captured_at,shared_from,verdict,verdict_reasons,notes
autoscout24_129514,autoscout24.nl,https://www.autoscout24.nl/aanbod/volvo-v90-191pk-t4-momentum-blis-carplay-acc-trekhaa-benzine-zwart-cat_ma73mo2081-1f4f21bd-9022-4f64-9cbc-eee80a129514?source=favorites_list,2026-09-02,desktop_browser,"","",""
autoscout24_473794,autoscout24.nl,https://www.autoscout24.nl/aanbod/volvo-v90-t5-aut-inscription-panoramadak-camera-blis-t-benzine-zwart-cat_ma73mo2081-415d50d6-84b3-4636-b00d-3e1cd473794d?source=favorites_list,2026-09-02,desktop_browser,"","",""
autoscout24_677215,autoscout24.nl,https://www.autoscout24.nl/aanbod/volvo-v60-2-0-t4-inscription-benzine-blauw-cat_ma73mo19610-677215a1-f1d7-4932-8a3c-c365d1e41260?source=favorites_list,2026-09-02,desktop_browser,"","",""
autoscout24_2709040739,autoscout24.nl,https://www.autoscout24.nl/aanbod/volvo-v90-2-0-t5-momentum-creme-lederen-bekleding-benzine-zwart-cat_ma73mo2081-7040b36c-b92b-4567-a312-dc2709040739?source=favorites_list,2026-09-02,desktop_browser,"","",""
autoscout24_volvo-v60-2-0-b3-business-pro-apple-carplay-android-navi-elektro-benzine-grijs-cat_ma73mo19610-358a63a4-905a-4adc-ae81-8ce3960da35d,autoscout24.nl,https://www.autoscout24.nl/aanbod/volvo-v60-2-0-b3-business-pro-apple-carplay-android-navi-elektro-benzine-grijs-cat_ma73mo19610-358a63a4-905a-4adc-ae81-8ce3960da35d?source=favorites_list,2026-09-02,desktop_browser,"","",""
autoscout24_volvo-v60-2-0-b3-inscription-pilot-assist-trekhaak-led-benzine-grijs-cat_ma73mo19610-0d61a993-06be-45a5-a55c-305a5c820b40,autoscout24.nl,https://www.autoscout24.nl/aanbod/volvo-v60-2-0-b3-inscription-pilot-assist-trekhaak-led-benzine-grijs-cat_ma73mo19610-0d61a993-06be-45a5-a55c-305a5c820b40?source=favorites_list,2026-09-02,desktop_browser,"","",""
autoscout24_volvo-v60-2-0-b3-momentum-advantage-achteropkomend-verkeer-benzine-grijs-cat_ma73mo19610-f029e35f-9ba6-4dc7-84f9-ed0f7ddf4df3,autoscout24.nl,https://www.autoscout24.nl/aanbod/volvo-v60-2-0-b3-momentum-advantage-achteropkomend-verkeer-benzine-grijs-cat_ma73mo19610-f029e35f-9ba6-4dc7-84f9-ed0f7ddf4df3?source=favorites_list,2026-09-02,desktop_browser,"","",""
autoscout24_volvo-v60-2-0-b3-momentum-advantage-automaat-trekhaak-applec-benzine-grijs-cat_ma73mo19610-2e4a0b76-6610-4fe2-8bd0-30a36d44a4a8,autoscout24.nl,https://www.autoscout24.nl/aanbod/volvo-v60-2-0-b3-momentum-advantage-automaat-trekhaak-applec-benzine-grijs-cat_ma73mo19610-2e4a0b76-6610-4fe2-8bd0-30a36d44a4a8?source=favorites_list,2026-09-02,desktop_browser,"","",""
autoscout24_volvo-v60-2-0-b3-momentum-advantage-camera-led-17-lmv-benzine-grijs-cat_ma73mo19610-ff7dc77b-c41c-4381-9ba2-2ef33aa4c317,autoscout24.nl,https://www.autoscout24.nl/aanbod/volvo-v60-2-0-b3-momentum-advantage-camera-led-17-lmv-benzine-grijs-cat_ma73mo19610-ff7dc77b-c41c-4381-9ba2-2ef33aa4c317?source=favorites_list,2026-09-02,desktop_browser,"","",""
autoscout24_volvo-v60-2-0-t4-inscription-trekhaak-achteruitrijcamera-benzine-grijs-cat_ma73mo19610-5066ae05-f88a-429a-8540-83405ebaeccd,autoscout24.nl,https://www.autoscout24.nl/aanbod/volvo-v60-2-0-t4-inscription-trekhaak-achteruitrijcamera-benzine-grijs-cat_ma73mo19610-5066ae05-f88a-429a-8540-83405ebaeccd?source=favorites_list,2026-09-02,desktop_browser,"","",""
autoscout24_volvo-v60-2-0-t5-inscription-panoramadak-cruise-control-benzine-grijs-cat_ma73mo19610-aa4901f2-54ab-4fdb-b4ca-5a62f38f02c3,autoscout24.nl,https://www.autoscout24.nl/aanbod/volvo-v60-2-0-t5-inscription-panoramadak-cruise-control-benzine-grijs-cat_ma73mo19610-aa4901f2-54ab-4fdb-b4ca-5a62f38f02c3?source=favorites_list,2026-09-02,desktop_browser,"","",""
autoscout24_volvo-v60-2-0-t8-te-awd-elektro-benzine-blauw-cat_ma73mo19610-8dddd543-fd7c-4f4f-83a7-212b06e0e6b8,autoscout24.nl,https://www.autoscout24.nl/aanbod/volvo-v60-2-0-t8-te-awd-elektro-benzine-blauw-cat_ma73mo19610-8dddd543-fd7c-4f4f-83a7-212b06e0e6b8?source=favorites_list,2026-09-02,desktop_browser,"","",""
autoscout24_volvo-v60-b3-164pk-automaat-inscription-el-voorstoelen-benzine-blauw-cat_ma73mo19610-bb91a3b0-f0aa-4fbb-ab5c-bdd4a30ec6b4,autoscout24.nl,https://www.autoscout24.nl/aanbod/volvo-v60-b3-164pk-automaat-inscription-el-voorstoelen-benzine-blauw-cat_ma73mo19610-bb91a3b0-f0aa-4fbb-ab5c-bdd4a30ec6b4?source=favorites_list,2026-09-02,desktop_browser,"","",""
autoscout24_volvo-v60-t5-inscription-12-mnd-garantie-harman-kardon-dab-benzine-grijs-cat_ma73mo19610-980f3fcd-5a83-4316-8271-ef1ee1c689a7,autoscout24.nl,https://www.autoscout24.nl/aanbod/volvo-v60-t5-inscription-12-mnd-garantie-harman-kardon-dab-benzine-grijs-cat_ma73mo19610-980f3fcd-5a83-4316-8271-ef1ee1c689a7?source=favorites_list,2026-09-02,desktop_browser,"","",""
autoscout24_volvo-v60-v60-2-0-b3-momen-bns-benzine-zwart-cat_ma73mo19610-7f67c0cc-833a-4a4a-914f-28c21e6b1a5b,autoscout24.nl,https://www.autoscout24.nl/aanbod/volvo-v60-v60-2-0-b3-momen-bns-benzine-zwart-cat_ma73mo19610-7f67c0cc-833a-4a4a-914f-28c21e6b1a5b?source=favorites_list,2026-09-02,desktop_browser,"","",""
autoscout24_volvo-v90-2-0-t4-leer-memory-auto-pilot-acc-carplay-lm-benzine-grijs-cat_ma73mo2081-970a6ca1-be10-427a-8da5-89389a087a90,autoscout24.nl,https://www.autoscout24.nl/aanbod/volvo-v90-2-0-t4-leer-memory-auto-pilot-acc-carplay-lm-benzine-grijs-cat_ma73mo2081-970a6ca1-be10-427a-8da5-89389a087a90?source=favorites_list,2026-09-02,desktop_browser,"","",""
autoscout24_volvo-v90-t4-aut-momentum-12mnd-garantie-trekhaak-blis-benzine-zwart-cat_ma73mo2081-578c6645-b251-4cdc-a685-6307b2e43fd3,autoscout24.nl,https://www.autoscout24.nl/aanbod/volvo-v90-t4-aut-momentum-12mnd-garantie-trekhaak-blis-benzine-zwart-cat_ma73mo2081-578c6645-b251-4cdc-a685-6307b2e43fd3?source=favorites_list,2026-09-02,desktop_browser,"","",""